n,random,sorted,reverse
500,0.000385,0.009799,0.007251
1000,0.001063,0.054601,0.029768
2000,0.003306,0.16353,0.100193
4000,0.005021,0.567554,0.39839
